Show_ID,Type,Title,Director,Release_Date,Genre
s1,Movie,Netflix Title 1,Steven Spielberg,"Mar 2, 2022",Documentaries
s2,TV Show,Netflix Title 2,S.S. Rajamouli,"Mar 22, 2022",Dramas
s3,TV Show,Netflix Title 3,nan,"Jan 15, 2015",Comedies
s4,Movie,Netflix Title 4,Christopher Nolan,"Mar 24, 2017",Action
s5,Movie,Netflix Title 5,nan,"Jan 12, 2015",Action
s6,Movie,Netflix Title 6,Christopher Nolan,"Mar 5, 2022",Horror
s7,Movie,Netflix Title 7,Greta Gerwig,"Jan 8, 2023",Documentaries
s8,TV Show,Netflix Title 8,Christopher Nolan,"Mar 11, 2015",Horror
s9,Movie,Netflix Title 9,Steven Spielberg,"Jan 19, 2022",Dramas
s10,TV Show,Netflix Title 10,S.S. Rajamouli,"Mar 24, 2015",Action
s11,,,,,
s12,,,,,
s13,,,,,
s14,,,,,
s15,,,,,
s16,,,,,
s17,,,,,
s18,,,,,
s19,,,,,
s20,,,,,
s21,Movie,Netflix Title 21,Christopher Nolan,"Jan 4, 2018",Dramas
s22,Movie,Netflix Title 22,S.S. Rajamouli,"Feb 9, 2023",Comedies
s23,Movie,Netflix Title 23,Greta Gerwig,"Jan 26, 2021",Comedies
s24,Movie,Netflix Title 24,S.S. Rajamouli,"Feb 18, 2019",Comedies
s25,Movie,Netflix Title 25,nan,"Mar 8, 2016",Action
s26,TV Show,Netflix Title 26,Greta Gerwig,"Feb 13, 2019",Action
s27,Movie,Netflix Title 27,Steven Spielberg,"Mar 16, 2016",Action
s28,Movie,Netflix Title 28,S.S. Rajamouli,"Mar 10, 2015",Documentaries
s29,Movie,Netflix Title 29,Greta Gerwig,"Feb 23, 2023",Dramas
s30,Movie,Netflix Title 30,S.S. Rajamouli,"Jan 8, 2023",Horror
s31,Movie,Netflix Title 31,Greta Gerwig,"Feb 22, 2018",Documentaries
s32,Movie,Netflix Title 32,Christopher Nolan,"Feb 20, 2019",Dramas
s33,Movie,Netflix Title 33,S.S. Rajamouli,"Mar 14, 2015",Dramas
s34,TV Show,Netflix Title 34,Steven Spielberg,"Jan 3, 2021",Comedies
s35,TV Show,Netflix Title 35,Steven Spielberg,"Mar 17, 2023",Comedies
s36,TV Show,Netflix Title 36,nan,"Mar 18, 2019",Documentaries
s37,Movie,Netflix Title 37,Greta Gerwig,"Jan 21, 2022",Comedies
s38,Movie,Netflix Title 38,S.S. Rajamouli,"Feb 8, 2021",Dramas
s39,Movie,Netflix Title 39,nan,"Mar 12, 2020",Comedies
s40,Movie,Netflix Title 40,S.S. Rajamouli,"Feb 11, 2023",Action
s41,Movie,Netflix Title 41,Greta Gerwig,"Feb 13, 2016",Comedies
s42,Movie,Netflix Title 42,Steven Spielberg,"Feb 21, 2018",Dramas
s43,Movie,Netflix Title 43,Christopher Nolan,"Mar 18, 2017",Documentaries
s44,TV Show,Netflix Title 44,Steven Spielberg,"Mar 24, 2020",Horror
s45,Movie,Netflix Title 45,nan,"Mar 5, 2015",Comedies
s46,Movie,Netflix Title 46,Christopher Nolan,"Mar 22, 2017",Dramas
s47,Movie,Netflix Title 47,nan,"Mar 7, 2023",Horror
s48,Movie,Netflix Title 48,Greta Gerwig,"Jan 15, 2022",Horror
s49,Movie,Netflix Title 49,Christopher Nolan,"Feb 26, 2022",Action
s50,Movie,Netflix Title 50,nan,"Jan 12, 2019",Horror
s51,TV Show,Netflix Title 51,Greta Gerwig,"Mar 1, 2018",Dramas
s52,TV Show,Netflix Title 52,Steven Spielberg,"Mar 10, 2016",Dramas
s53,TV Show,Netflix Title 53,Greta Gerwig,"Mar 25, 2019",Comedies
s54,TV Show,Netflix Title 54,S.S. Rajamouli,"Feb 7, 2016",Comedies
s55,Movie,Netflix Title 55,Greta Gerwig,"Jan 16, 2023",Comedies
s56,TV Show,Netflix Title 56,Greta Gerwig,"Feb 10, 2020",Horror
s57,Movie,Netflix Title 57,S.S. Rajamouli,"Jan 14, 2023",Horror
s58,Movie,Netflix Title 58,nan,"Feb 21, 2023",Action
s59,Movie,Netflix Title 59,nan,"Mar 16, 2017",Comedies
s60,Movie,Netflix Title 60,Greta Gerwig,"Mar 23, 2020",Documentaries
s61,Movie,Netflix Title 61,S.S. Rajamouli,"Mar 5, 2018",Action
s62,Movie,Netflix Title 62,S.S. Rajamouli,"Mar 4, 2018",Documentaries
s63,TV Show,Netflix Title 63,Steven Spielberg,"Feb 24, 2020",Horror
s64,Movie,Netflix Title 64,nan,"Mar 26, 2019",Action
s65,Movie,Netflix Title 65,Christopher Nolan,"Feb 21, 2020",Action
s66,Movie,Netflix Title 66,nan,"Mar 21, 2020",Dramas
s67,Movie,Netflix Title 67,nan,"Feb 4, 2023",Horror
s68,TV Show,Netflix Title 68,Steven Spielberg,"Jan 20, 2015",Horror
s69,Movie,Netflix Title 69,Christopher Nolan,"Mar 7, 2018",Action
s70,TV Show,Netflix Title 70,Steven Spielberg,"Jan 14, 2017",Horror
s71,TV Show,Netflix Title 71,Christopher Nolan,"Jan 16, 2021",Action
s72,Movie,Netflix Title 72,Greta Gerwig,"Feb 24, 2016",Dramas
s73,Movie,Netflix Title 73,Christopher Nolan,"Feb 18, 2017",Action
s74,TV Show,Netflix Title 74,Steven Spielberg,"Mar 19, 2015",Horror
s75,TV Show,Netflix Title 75,nan,"Mar 14, 2017",Horror
s76,TV Show,Netflix Title 76,Christopher Nolan,"Feb 24, 2020",Action
s77,TV Show,Netflix Title 77,Christopher Nolan,"Jan 4, 2017",Action
s78,Movie,Netflix Title 78,S.S. Rajamouli,"Jan 4, 2021",Action
s79,Movie,Netflix Title 79,nan,"Jan 23, 2015",Comedies
s80,Movie,Netflix Title 80,Greta Gerwig,"Feb 20, 2015",Horror
s81,TV Show,Netflix Title 81,Steven Spielberg,"Mar 27, 2023",Horror
s82,Movie,Netflix Title 82,Greta Gerwig,"Feb 13, 2015",Comedies
s83,Movie,Netflix Title 83,nan,"Jan 6, 2018",Action
s84,Movie,Netflix Title 84,Christopher Nolan,"Mar 27, 2020",Dramas
s85,Movie,Netflix Title 85,Christopher Nolan,"Mar 14, 2021",Action
s86,Movie,Netflix Title 86,nan,"Jan 26, 2019",Action
s87,TV Show,Netflix Title 87,Christopher Nolan,"Jan 20, 2016",Comedies
s88,Movie,Netflix Title 88,Christopher Nolan,"Mar 13, 2015",Horror
s89,TV Show,Netflix Title 89,Christopher Nolan,"Feb 22, 2020",Action
s90,Movie,Netflix Title 90,Steven Spielberg,"Jan 27, 2017",Horror
s91,Movie,Netflix Title 91,Steven Spielberg,"Jan 19, 2017",Documentaries
s92,TV Show,Netflix Title 92,S.S. Rajamouli,"Feb 26, 2017",Horror
s93,TV Show,Netflix Title 93,Greta Gerwig,"Jan 5, 2018",Dramas
s94,Movie,Netflix Title 94,nan,"Jan 21, 2019",Dramas
s95,TV Show,Netflix Title 95,nan,"Feb 26, 2018",Action
s96,Movie,Netflix Title 96,nan,"Feb 7, 2021",Horror
s97,Movie,Netflix Title 97,S.S. Rajamouli,"Feb 3, 2015",Action
s98,Movie,Netflix Title 98,Steven Spielberg,"Jan 4, 2020",Comedies
s99,Movie,Netflix Title 99,S.S. Rajamouli,"Jan 22, 2023",Dramas
s100,Movie,Netflix Title 100,nan,"Mar 20, 2022",Action
s101,Movie,Netflix Title 101,Greta Gerwig,"Jan 4, 2019",Comedies
s102,Movie,Netflix Title 102,Christopher Nolan,"Feb 24, 2020",Action
s103,Movie,Netflix Title 103,Steven Spielberg,"Mar 3, 2021",Horror
s104,Movie,Netflix Title 104,Steven Spielberg,"Feb 24, 2020",Horror
s105,TV Show,Netflix Title 105,S.S. Rajamouli,"Mar 10, 2023",Horror
s106,Movie,Netflix Title 106,Steven Spielberg,"Jan 6, 2023",Horror
s107,Movie,Netflix Title 107,nan,"Jan 4, 2022",Documentaries
s108,TV Show,Netflix Title 108,nan,"Mar 20, 2016",Comedies
s109,Movie,Netflix Title 109,S.S. Rajamouli,"Feb 11, 2023",Comedies
s110,Movie,Netflix Title 110,nan,"Jan 4, 2016",Horror
s111,Movie,Netflix Title 111,Greta Gerwig,"Jan 27, 2021",Documentaries
s112,Movie,Netflix Title 112,S.S. Rajamouli,"Feb 15, 2016",Horror
s113,TV Show,Netflix Title 113,Greta Gerwig,"Mar 20, 2022",Documentaries
s114,TV Show,Netflix Title 114,Christopher Nolan,"Mar 16, 2021",Horror
s115,Movie,Netflix Title 115,Greta Gerwig,"Jan 10, 2022",Dramas
s116,TV Show,Netflix Title 116,Christopher Nolan,"Feb 25, 2019",Dramas
s117,TV Show,Netflix Title 117,Christopher Nolan,"Feb 21, 2016",Action
s118,Movie,Netflix Title 118,Greta Gerwig,"Jan 3, 2021",Horror
s119,TV Show,Netflix Title 119,S.S. Rajamouli,"Feb 5, 2022",Comedies
s120,Movie,Netflix Title 120,nan,"Jan 19, 2017",Action
s121,TV Show,Netflix Title 121,nan,"Jan 21, 2023",Dramas
s122,TV Show,Netflix Title 122,Christopher Nolan,"Jan 9, 2015",Horror
s123,Movie,Netflix Title 123,Christopher Nolan,"Feb 21, 2018",Action
s124,Movie,Netflix Title 124,S.S. Rajamouli,"Mar 10, 2023",Horror
s125,Movie,Netflix Title 125,Steven Spielberg,"Mar 22, 2021",Dramas
s126,Movie,Netflix Title 126,Greta Gerwig,"Jan 17, 2022",Action
s127,TV Show,Netflix Title 127,Christopher Nolan,"Jan 2, 2023",Dramas
s128,TV Show,Netflix Title 128,nan,"Mar 22, 2015",Documentaries
s129,Movie,Netflix Title 129,S.S. Rajamouli,"Jan 2, 2020",Dramas
s130,Movie,Netflix Title 130,Greta Gerwig,"Feb 6, 2016",Horror
s131,Movie,Netflix Title 131,S.S. Rajamouli,"Jan 10, 2019",Comedies
s132,Movie,Netflix Title 132,Greta Gerwig,"Jan 2, 2020",Dramas
s133,Movie,Netflix Title 133,Greta Gerwig,"Jan 2, 2016",Comedies
s134,Movie,Netflix Title 134,Christopher Nolan,"Mar 7, 2020",Documentaries
s135,TV Show,Netflix Title 135,S.S. Rajamouli,"Mar 8, 2020",Action
s136,Movie,Netflix Title 136,S.S. Rajamouli,"Mar 10, 2017",Action
s137,Movie,Netflix Title 137,nan,"Mar 17, 2021",Comedies
s138,TV Show,Netflix Title 138,nan,"Jan 20, 2018",Action
s139,Movie,Netflix Title 139,Christopher Nolan,"Feb 20, 2020",Dramas
s140,TV Show,Netflix Title 140,Christopher Nolan,"Mar 24, 2022",Comedies
s141,TV Show,Netflix Title 141,Steven Spielberg,"Jan 15, 2020",Horror
s142,Movie,Netflix Title 142,nan,"Feb 27, 2023",Dramas
s143,Movie,Netflix Title 143,Greta Gerwig,"Feb 26, 2015",Dramas
s144,Movie,Netflix Title 144,S.S. Rajamouli,"Mar 2, 2023",Dramas
s145,Movie,Netflix Title 145,Christopher Nolan,"Feb 3, 2022",Horror
s146,Movie,Netflix Title 146,S.S. Rajamouli,"Jan 10, 2018",Documentaries
s147,Movie,Netflix Title 147,S.S. Rajamouli,"Mar 6, 2021",Action
s148,Movie,Netflix Title 148,Steven Spielberg,"Mar 25, 2016",Comedies
s149,Movie,Netflix Title 149,nan,"Mar 19, 2019",Documentaries
s150,Movie,Netflix Title 150,Christopher Nolan,"Mar 11, 2022",Comedies
s151,TV Show,Netflix Title 151,S.S. Rajamouli,"Feb 8, 2022",Action
s152,Movie,Netflix Title 152,Christopher Nolan,"Jan 4, 2019",Horror
s153,Movie,Netflix Title 153,Greta Gerwig,"Jan 8, 2021",Dramas
s154,Movie,Netflix Title 154,Steven Spielberg,"Jan 15, 2022",Dramas
s155,TV Show,Netflix Title 155,Greta Gerwig,"Feb 10, 2018",Horror
s156,Movie,Netflix Title 156,Christopher Nolan,"Feb 12, 2016",Documentaries
s157,Movie,Netflix Title 157,Christopher Nolan,"Mar 16, 2017",Documentaries
s158,TV Show,Netflix Title 158,nan,"Jan 3, 2016",Comedies
s159,Movie,Netflix Title 159,S.S. Rajamouli,"Mar 8, 2020",Horror
s160,TV Show,Netflix Title 160,S.S. Rajamouli,"Jan 1, 2021",Documentaries
s161,Movie,Netflix Title 161,Greta Gerwig,"Jan 16, 2019",Horror
s162,Movie,Netflix Title 162,Steven Spielberg,"Feb 6, 2020",Action
s163,Movie,Netflix Title 163,S.S. Rajamouli,"Mar 9, 2021",Dramas
s164,Movie,Netflix Title 164,nan,"Jan 13, 2021",Dramas
s165,Movie,Netflix Title 165,Greta Gerwig,"Jan 21, 2016",Dramas
s166,TV Show,Netflix Title 166,Greta Gerwig,"Feb 26, 2021",Horror
s167,Movie,Netflix Title 167,nan,"Mar 5, 2023",Horror
s168,Movie,Netflix Title 168,Steven Spielberg,"Mar 1, 2018",Comedies
s169,Movie,Netflix Title 169,nan,"Jan 20, 2016",Dramas
s170,Movie,Netflix Title 170,Steven Spielberg,"Feb 5, 2017",Comedies
s171,Movie,Netflix Title 171,nan,"Jan 9, 2018",Dramas
s172,Movie,Netflix Title 172,nan,"Feb 18, 2020",Comedies
s173,Movie,Netflix Title 173,Christopher Nolan,"Mar 12, 2023",Comedies
s174,Movie,Netflix Title 174,Greta Gerwig,"Mar 2, 2023",Action
s175,Movie,Netflix Title 175,nan,"Jan 24, 2016",Comedies
s176,Movie,Netflix Title 176,nan,"Feb 3, 2019",Horror
s177,Movie,Netflix Title 177,S.S. Rajamouli,"Feb 1, 2019",Comedies
s178,Movie,Netflix Title 178,Greta Gerwig,"Mar 20, 2016",Dramas
s179,TV Show,Netflix Title 179,S.S. Rajamouli,"Jan 19, 2016",Comedies
s180,Movie,Netflix Title 180,Greta Gerwig,"Feb 11, 2023",Documentaries
s181,Movie,Netflix Title 181,S.S. Rajamouli,"Mar 16, 2020",Dramas
s182,Movie,Netflix Title 182,nan,"Jan 5, 2017",Documentaries
s183,TV Show,Netflix Title 183,nan,"Jan 20, 2016",Dramas
s184,TV Show,Netflix Title 184,Christopher Nolan,"Feb 3, 2022",Horror
s185,Movie,Netflix Title 185,S.S. Rajamouli,"Mar 7, 2020",Horror
s186,Movie,Netflix Title 186,Steven Spielberg,"Jan 20, 2015",Horror
s187,TV Show,Netflix Title 187,Christopher Nolan,"Mar 23, 2017",Documentaries
s188,Movie,Netflix Title 188,S.S. Rajamouli,"Feb 25, 2020",Action
s189,Movie,Netflix Title 189,S.S. Rajamouli,"Mar 21, 2017",Dramas
s190,Movie,Netflix Title 190,Christopher Nolan,"Jan 21, 2019",Horror
s191,Movie,Netflix Title 191,nan,"Feb 20, 2018",Dramas
s192,TV Show,Netflix Title 192,S.S. Rajamouli,"Jan 7, 2023",Documentaries
s193,TV Show,Netflix Title 193,nan,"Mar 13, 2016",Action
s194,Movie,Netflix Title 194,Christopher Nolan,"Mar 1, 2020",Documentaries
s195,Movie,Netflix Title 195,nan,"Mar 27, 2021",Dramas
s196,Movie,Netflix Title 196,Greta Gerwig,"Mar 27, 2016",Action
s197,TV Show,Netflix Title 197,Steven Spielberg,"Feb 6, 2018",Action
s198,TV Show,Netflix Title 198,S.S. Rajamouli,"Jan 8, 2017",Documentaries
s199,TV Show,Netflix Title 199,Steven Spielberg,"Mar 14, 2018",Horror
s200,TV Show,Netflix Title 200,nan,"Jan 25, 2022",Dramas
s201,Movie,Netflix Title 201,S.S. Rajamouli,"Feb 26, 2020",Comedies
s202,Movie,Netflix Title 202,nan,"Mar 22, 2023",Comedies
s203,Movie,Netflix Title 203,Greta Gerwig,"Mar 14, 2017",Documentaries
s204,TV Show,Netflix Title 204,Christopher Nolan,"Mar 10, 2017",Dramas
s205,Movie,Netflix Title 205,S.S. Rajamouli,"Jan 20, 2021",Dramas
s206,Movie,Netflix Title 206,Greta Gerwig,"Feb 9, 2021",Documentaries
s207,Movie,Netflix Title 207,Greta Gerwig,"Jan 19, 2018",Dramas
s208,Movie,Netflix Title 208,S.S. Rajamouli,"Feb 24, 2020",Horror
s209,Movie,Netflix Title 209,nan,"Jan 4, 2022",Documentaries
s210,Movie,Netflix Title 210,Greta Gerwig,"Jan 9, 2015",Horror
s211,Movie,Netflix Title 211,Steven Spielberg,"Jan 14, 2019",Dramas
s212,Movie,Netflix Title 212,Greta Gerwig,"Mar 9, 2023",Documentaries
s213,Movie,Netflix Title 213,nan,"Mar 4, 2022",Dramas
s214,Movie,Netflix Title 214,nan,"Feb 9, 2020",Documentaries
s215,TV Show,Netflix Title 215,Steven Spielberg,"Jan 24, 2021",Dramas
s216,Movie,Netflix Title 216,Greta Gerwig,"Jan 17, 2017",Horror
s217,Movie,Netflix Title 217,nan,"Mar 14, 2016",Horror
s218,TV Show,Netflix Title 218,S.S. Rajamouli,"Jan 21, 2019",Dramas
s219,Movie,Netflix Title 219,Christopher Nolan,"Jan 3, 2015",Documentaries
s220,TV Show,Netflix Title 220,Christopher Nolan,"Jan 9, 2023",Comedies
s221,Movie,Netflix Title 221,Christopher Nolan,"Mar 17, 2016",Horror
s222,Movie,Netflix Title 222,Greta Gerwig,"Jan 8, 2021",Horror
s223,Movie,Netflix Title 223,Steven Spielberg,"Mar 8, 2020",Comedies
s224,Movie,Netflix Title 224,nan,"Feb 15, 2023",Dramas
s225,Movie,Netflix Title 225,S.S. Rajamouli,"Mar 26, 2018",Documentaries
s226,Movie,Netflix Title 226,S.S. Rajamouli,"Jan 22, 2022",Dramas
s227,TV Show,Netflix Title 227,Greta Gerwig,"Jan 19, 2020",Action
s228,Movie,Netflix Title 228,Christopher Nolan,"Jan 19, 2018",Horror
s229,TV Show,Netflix Title 229,Greta Gerwig,"Mar 7, 2018",Action
s230,Movie,Netflix Title 230,Steven Spielberg,"Feb 12, 2017",Horror
s231,TV Show,Netflix Title 231,Steven Spielberg,"Feb 12, 2016",Horror
s232,Movie,Netflix Title 232,nan,"Feb 27, 2021",Action
s233,Movie,Netflix Title 233,nan,"Jan 1, 2022",Action
s234,Movie,Netflix Title 234,Steven Spielberg,"Mar 6, 2020",Dramas
s235,Movie,Netflix Title 235,Steven Spielberg,"Feb 25, 2016",Action
s236,TV Show,Netflix Title 236,Steven Spielberg,"Jan 12, 2020",Dramas
s237,Movie,Netflix Title 237,Greta Gerwig,"Feb 27, 2022",Dramas
s238,Movie,Netflix Title 238,Steven Spielberg,"Mar 10, 2015",Dramas
s239,Movie,Netflix Title 239,S.S. Rajamouli,"Jan 13, 2015",Horror
s240,Movie,Netflix Title 240,Christopher Nolan,"Mar 8, 2017",Horror
s241,TV Show,Netflix Title 241,Steven Spielberg,"Jan 20, 2022",Action
s242,TV Show,Netflix Title 242,Christopher Nolan,"Jan 13, 2020",Horror
s243,TV Show,Netflix Title 243,Greta Gerwig,"Jan 14, 2015",Action
s244,Movie,Netflix Title 244,Christopher Nolan,"Feb 8, 2018",Horror
s245,Movie,Netflix Title 245,Greta Gerwig,"Jan 26, 2021",Documentaries
s246,TV Show,Netflix Title 246,S.S. Rajamouli,"Jan 21, 2015",Documentaries
s247,Movie,Netflix Title 247,Greta Gerwig,"Feb 10, 2020",Action
s248,TV Show,Netflix Title 248,Greta Gerwig,"Feb 9, 2023",Horror
s249,TV Show,Netflix Title 249,nan,"Jan 17, 2023",Horror
s250,TV Show,Netflix Title 250,Steven Spielberg,"Jan 24, 2019",Dramas
s251,Movie,Netflix Title 251,Steven Spielberg,"Mar 27, 2021",Comedies
s252,Movie,Netflix Title 252,S.S. Rajamouli,"Mar 9, 2021",Action
s253,TV Show,Netflix Title 253,S.S. Rajamouli,"Jan 11, 2017",Comedies
s254,Movie,Netflix Title 254,Steven Spielberg,"Mar 13, 2015",Comedies
s255,Movie,Netflix Title 255,nan,"Mar 12, 2022",Action
s256,Movie,Netflix Title 256,Steven Spielberg,"Jan 21, 2015",Horror
s257,TV Show,Netflix Title 257,nan,"Jan 26, 2021",Action
s258,Movie,Netflix Title 258,S.S. Rajamouli,"Feb 5, 2022",Comedies
s259,Movie,Netflix Title 259,Christopher Nolan,"Jan 27, 2021",Horror
s260,Movie,Netflix Title 260,S.S. Rajamouli,"Feb 13, 2021",Documentaries
s261,Movie,Netflix Title 261,S.S. Rajamouli,"Jan 15, 2018",Action
s262,TV Show,Netflix Title 262,Greta Gerwig,"Feb 18, 2016",Action
s263,Movie,Netflix Title 263,Greta Gerwig,"Feb 1, 2018",Horror
s264,Movie,Netflix Title 264,Greta Gerwig,"Feb 5, 2017",Documentaries
s265,TV Show,Netflix Title 265,Greta Gerwig,"Mar 8, 2018",Documentaries
s266,TV Show,Netflix Title 266,nan,"Jan 1, 2017",Horror
s267,Movie,Netflix Title 267,Steven Spielberg,"Mar 9, 2021",Dramas
s268,TV Show,Netflix Title 268,Christopher Nolan,"Feb 9, 2016",Action
s269,Movie,Netflix Title 269,S.S. Rajamouli,"Mar 11, 2016",Action
s270,Movie,Netflix Title 270,nan,"Mar 22, 2023",Comedies
s271,TV Show,Netflix Title 271,Christopher Nolan,"Jan 7, 2017",Horror
s272,TV Show,Netflix Title 272,nan,"Feb 27, 2019",Comedies
s273,TV Show,Netflix Title 273,nan,"Feb 6, 2017",Comedies
s274,TV Show,Netflix Title 274,S.S. Rajamouli,"Feb 8, 2016",Documentaries
s275,Movie,Netflix Title 275,Steven Spielberg,"Jan 9, 2017",Action
s276,Movie,Netflix Title 276,Greta Gerwig,"Mar 1, 2021",Comedies
s277,TV Show,Netflix Title 277,Steven Spielberg,"Jan 15, 2019",Documentaries
s278,Movie,Netflix Title 278,S.S. Rajamouli,"Jan 17, 2023",Horror
s279,TV Show,Netflix Title 279,S.S. Rajamouli,"Mar 24, 2023",Comedies
s280,TV Show,Netflix Title 280,S.S. Rajamouli,"Feb 21, 2020",Action
s281,TV Show,Netflix Title 281,Christopher Nolan,"Mar 18, 2018",Comedies
s282,Movie,Netflix Title 282,Steven Spielberg,"Mar 13, 2021",Horror
s283,Movie,Netflix Title 283,Steven Spielberg,"Jan 21, 2020",Comedies
s284,Movie,Netflix Title 284,nan,"Feb 12, 2016",Action
s285,Movie,Netflix Title 285,nan,"Mar 3, 2023",Documentaries
s286,Movie,Netflix Title 286,nan,"Mar 23, 2022",Action
s287,Movie,Netflix Title 287,S.S. Rajamouli,"Mar 16, 2023",Documentaries
s288,Movie,Netflix Title 288,Steven Spielberg,"Feb 4, 2015",Dramas
s289,Movie,Netflix Title 289,S.S. Rajamouli,"Mar 2, 2022",Action
s290,Movie,Netflix Title 290,Christopher Nolan,"Jan 7, 2018",Action
s291,Movie,Netflix Title 291,nan,"Jan 24, 2015",Horror
s292,Movie,Netflix Title 292,S.S. Rajamouli,"Jan 15, 2018",Comedies
s293,TV Show,Netflix Title 293,S.S. Rajamouli,"Mar 10, 2016",Documentaries
s294,Movie,Netflix Title 294,Christopher Nolan,"Mar 11, 2015",Documentaries
s295,Movie,Netflix Title 295,Greta Gerwig,"Jan 6, 2019",Horror
s296,Movie,Netflix Title 296,Steven Spielberg,"Feb 16, 2018",Horror
s297,TV Show,Netflix Title 297,Greta Gerwig,"Feb 1, 2018",Comedies
s298,Movie,Netflix Title 298,nan,"Jan 13, 2016",Comedies
s299,Movie,Netflix Title 299,S.S. Rajamouli,"Jan 24, 2022",Action
s300,Movie,Netflix Title 300,Christopher Nolan,"Mar 3, 2018",Dramas
s301,Movie,Netflix Title 301,Christopher Nolan,"Feb 27, 2020",Comedies
s302,Movie,Netflix Title 302,Steven Spielberg,"Mar 27, 2017",Horror
s303,Movie,Netflix Title 303,Greta Gerwig,"Feb 6, 2019",Comedies
s304,Movie,Netflix Title 304,Steven Spielberg,"Feb 10, 2019",Documentaries
s305,TV Show,Netflix Title 305,S.S. Rajamouli,"Feb 5, 2019",Dramas
s306,TV Show,Netflix Title 306,Steven Spielberg,"Mar 23, 2020",Action
s307,Movie,Netflix Title 307,Christopher Nolan,"Feb 9, 2015",Documentaries
s308,Movie,Netflix Title 308,Christopher Nolan,"Jan 13, 2018",Documentaries
s309,TV Show,Netflix Title 309,nan,"Jan 13, 2020",Dramas
s310,Movie,Netflix Title 310,nan,"Jan 5, 2023",Action
s311,Movie,Netflix Title 311,S.S. Rajamouli,"Jan 13, 2016",Horror
s312,Movie,Netflix Title 312,Greta Gerwig,"Jan 22, 2019",Action
s313,Movie,Netflix Title 313,Steven Spielberg,"Mar 23, 2017",Comedies
s314,TV Show,Netflix Title 314,S.S. Rajamouli,"Mar 10, 2016",Documentaries
s315,TV Show,Netflix Title 315,nan,"Jan 19, 2015",Comedies
s316,Movie,Netflix Title 316,Steven Spielberg,"Jan 14, 2019",Horror
s317,Movie,Netflix Title 317,nan,"Mar 7, 2018",Comedies
s318,Movie,Netflix Title 318,Steven Spielberg,"Mar 1, 2022",Action
s319,Movie,Netflix Title 319,Greta Gerwig,"Jan 3, 2016",Comedies
s320,Movie,Netflix Title 320,S.S. Rajamouli,"Mar 4, 2017",Horror
s321,Movie,Netflix Title 321,Steven Spielberg,"Jan 17, 2017",Horror
s322,TV Show,Netflix Title 322,Christopher Nolan,"Feb 8, 2020",Horror
s323,Movie,Netflix Title 323,Christopher Nolan,"Jan 24, 2017",Action
s324,Movie,Netflix Title 324,Steven Spielberg,"Jan 7, 2019",Horror
s325,TV Show,Netflix Title 325,Steven Spielberg,"Jan 17, 2019",Documentaries
s326,TV Show,Netflix Title 326,Steven Spielberg,"Feb 19, 2019",Horror
s327,Movie,Netflix Title 327,Christopher Nolan,"Feb 11, 2020",Comedies
s328,Movie,Netflix Title 328,Christopher Nolan,"Jan 15, 2020",Comedies
s329,Movie,Netflix Title 329,Steven Spielberg,"Jan 22, 2021",Comedies
s330,Movie,Netflix Title 330,nan,"Jan 17, 2022",Action
s331,Movie,Netflix Title 331,nan,"Jan 14, 2020",Comedies
s332,TV Show,Netflix Title 332,Greta Gerwig,"Jan 19, 2017",Action
s333,Movie,Netflix Title 333,S.S. Rajamouli,"Feb 16, 2018",Action
s334,Movie,Netflix Title 334,nan,"Feb 23, 2018",Horror
s335,Movie,Netflix Title 335,Christopher Nolan,"Feb 11, 2015",Documentaries
s336,Movie,Netflix Title 336,nan,"Feb 24, 2021",Horror
s337,TV Show,Netflix Title 337,Greta Gerwig,"Mar 27, 2023",Horror
s338,TV Show,Netflix Title 338,Greta Gerwig,"Mar 18, 2015",Action
s339,Movie,Netflix Title 339,S.S. Rajamouli,"Mar 21, 2016",Action
s340,Movie,Netflix Title 340,nan,"Mar 15, 2018",Comedies
s341,Movie,Netflix Title 341,Christopher Nolan,"Mar 13, 2017",Comedies
s342,Movie,Netflix Title 342,Christopher Nolan,"Mar 9, 2022",Horror
s343,Movie,Netflix Title 343,Steven Spielberg,"Jan 17, 2015",Dramas
s344,Movie,Netflix Title 344,Christopher Nolan,"Jan 1, 2022",Dramas
s345,Movie,Netflix Title 345,S.S. Rajamouli,"Mar 6, 2017",Comedies
s346,Movie,Netflix Title 346,S.S. Rajamouli,"Mar 5, 2021",Dramas
s347,Movie,Netflix Title 347,Christopher Nolan,"Feb 22, 2020",Comedies
s348,Movie,Netflix Title 348,Christopher Nolan,"Mar 3, 2020",Action
s349,Movie,Netflix Title 349,Steven Spielberg,"Feb 10, 2019",Horror
s350,Movie,Netflix Title 350,Christopher Nolan,"Feb 9, 2022",Documentaries
s351,Movie,Netflix Title 351,Steven Spielberg,"Mar 24, 2023",Horror
s352,TV Show,Netflix Title 352,Steven Spielberg,"Feb 15, 2017",Comedies
s353,Movie,Netflix Title 353,Christopher Nolan,"Mar 18, 2022",Comedies
s354,Movie,Netflix Title 354,Greta Gerwig,"Feb 17, 2022",Horror
s355,Movie,Netflix Title 355,Greta Gerwig,"Mar 7, 2017",Comedies
s356,Movie,Netflix Title 356,Steven Spielberg,"Jan 4, 2023",Dramas
s357,Movie,Netflix Title 357,Christopher Nolan,"Jan 1, 2019",Dramas
s358,Movie,Netflix Title 358,Greta Gerwig,"Jan 8, 2022",Comedies
s359,TV Show,Netflix Title 359,Christopher Nolan,"Jan 9, 2015",Comedies
s360,Movie,Netflix Title 360,Christopher Nolan,"Mar 2, 2022",Dramas
s361,Movie,Netflix Title 361,Christopher Nolan,"Mar 9, 2016",Comedies
s362,Movie,Netflix Title 362,nan,"Feb 14, 2018",Comedies
s363,Movie,Netflix Title 363,Christopher Nolan,"Feb 6, 2017",Horror
s364,Movie,Netflix Title 364,nan,"Mar 14, 2016",Documentaries
s365,TV Show,Netflix Title 365,Steven Spielberg,"Jan 19, 2020",Dramas
s366,Movie,Netflix Title 366,Greta Gerwig,"Feb 8, 2015",Horror
s367,TV Show,Netflix Title 367,Greta Gerwig,"Mar 2, 2020",Documentaries
s368,TV Show,Netflix Title 368,Greta Gerwig,"Feb 2, 2022",Comedies
s369,Movie,Netflix Title 369,Greta Gerwig,"Mar 2, 2021",Comedies
s370,Movie,Netflix Title 370,Greta Gerwig,"Mar 8, 2021",Horror
s371,Movie,Netflix Title 371,Greta Gerwig,"Feb 24, 2021",Comedies
s372,Movie,Netflix Title 372,Greta Gerwig,"Mar 22, 2021",Action
s373,Movie,Netflix Title 373,Steven Spielberg,"Jan 7, 2015",Horror
s374,Movie,Netflix Title 374,Christopher Nolan,"Jan 9, 2019",Documentaries
s375,Movie,Netflix Title 375,S.S. Rajamouli,"Jan 21, 2017",Horror
s376,Movie,Netflix Title 376,nan,"Jan 19, 2023",Dramas
s377,TV Show,Netflix Title 377,S.S. Rajamouli,"Jan 22, 2015",Horror
s378,Movie,Netflix Title 378,S.S. Rajamouli,"Mar 23, 2018",Comedies
s379,TV Show,Netflix Title 379,Christopher Nolan,"Feb 20, 2018",Comedies
s380,Movie,Netflix Title 380,Christopher Nolan,"Feb 14, 2016",Action
s381,Movie,Netflix Title 381,Christopher Nolan,"Feb 20, 2019",Action
s382,Movie,Netflix Title 382,Greta Gerwig,"Mar 22, 2018",Action
s383,Movie,Netflix Title 383,Steven Spielberg,"Jan 27, 2021",Documentaries
s384,TV Show,Netflix Title 384,Greta Gerwig,"Feb 12, 2021",Action
s385,TV Show,Netflix Title 385,Steven Spielberg,"Mar 14, 2016",Documentaries
s386,TV Show,Netflix Title 386,Steven Spielberg,"Feb 24, 2016",Action
s387,Movie,Netflix Title 387,S.S. Rajamouli,"Mar 11, 2023",Documentaries
s388,Movie,Netflix Title 388,S.S. Rajamouli,"Jan 15, 2023",Horror
s389,TV Show,Netflix Title 389,Steven Spielberg,"Mar 17, 2016",Horror
s390,TV Show,Netflix Title 390,Steven Spielberg,"Feb 6, 2015",Comedies
s391,TV Show,Netflix Title 391,Greta Gerwig,"Mar 24, 2016",Documentaries
s392,Movie,Netflix Title 392,Greta Gerwig,"Jan 6, 2019",Dramas
s393,Movie,Netflix Title 393,S.S. Rajamouli,"Jan 11, 2023",Comedies
s394,TV Show,Netflix Title 394,Christopher Nolan,"Jan 11, 2017",Horror
s395,Movie,Netflix Title 395,Steven Spielberg,"Jan 27, 2016",Documentaries
s396,TV Show,Netflix Title 396,Greta Gerwig,"Feb 15, 2017",Action
s397,TV Show,Netflix Title 397,S.S. Rajamouli,"Jan 19, 2015",Dramas
s398,Movie,Netflix Title 398,Greta Gerwig,"Feb 16, 2022",Horror
s399,TV Show,Netflix Title 399,Steven Spielberg,"Mar 5, 2015",Comedies
s400,TV Show,Netflix Title 400,Steven Spielberg,"Feb 23, 2015",Documentaries
s401,Movie,Netflix Title 401,nan,"Mar 25, 2022",Dramas
s402,TV Show,Netflix Title 402,Christopher Nolan,"Mar 10, 2021",Documentaries
s403,Movie,Netflix Title 403,nan,"Jan 21, 2019",Action
s404,TV Show,Netflix Title 404,S.S. Rajamouli,"Jan 24, 2015",Comedies
s405,Movie,Netflix Title 405,Greta Gerwig,"Mar 25, 2023",Documentaries
s406,TV Show,Netflix Title 406,S.S. Rajamouli,"Jan 20, 2017",Horror
s407,Movie,Netflix Title 407,Steven Spielberg,"Mar 12, 2019",Comedies
s408,Movie,Netflix Title 408,nan,"Feb 17, 2019",Horror
s409,TV Show,Netflix Title 409,nan,"Feb 16, 2021",Documentaries
s410,Movie,Netflix Title 410,nan,"Jan 3, 2016",Comedies
s411,Movie,Netflix Title 411,S.S. Rajamouli,"Feb 3, 2023",Horror
s412,TV Show,Netflix Title 412,Steven Spielberg,"Mar 9, 2016",Action
s413,TV Show,Netflix Title 413,Greta Gerwig,"Jan 13, 2018",Action
s414,Movie,Netflix Title 414,Greta Gerwig,"Mar 2, 2023",Documentaries
s415,Movie,Netflix Title 415,S.S. Rajamouli,"Jan 6, 2020",Comedies
s416,Movie,Netflix Title 416,nan,"Feb 1, 2018",Dramas
s417,Movie,Netflix Title 417,Christopher Nolan,"Jan 23, 2016",Comedies
s418,Movie,Netflix Title 418,S.S. Rajamouli,"Jan 24, 2022",Action
s419,Movie,Netflix Title 419,S.S. Rajamouli,"Mar 4, 2016",Horror
s420,TV Show,Netflix Title 420,Steven Spielberg,"Mar 6, 2019",Dramas
s421,TV Show,Netflix Title 421,Greta Gerwig,"Feb 22, 2015",Documentaries
s422,TV Show,Netflix Title 422,S.S. Rajamouli,"Jan 11, 2017",Dramas
s423,Movie,Netflix Title 423,S.S. Rajamouli,"Jan 25, 2015",Documentaries
s424,Movie,Netflix Title 424,nan,"Feb 22, 2019",Dramas
s425,Movie,Netflix Title 425,nan,"Mar 21, 2019",Documentaries
s426,Movie,Netflix Title 426,Christopher Nolan,"Feb 24, 2016",Documentaries
s427,Movie,Netflix Title 427,Steven Spielberg,"Feb 17, 2018",Dramas
s428,TV Show,Netflix Title 428,Christopher Nolan,"Feb 10, 2017",Dramas
s429,Movie,Netflix Title 429,nan,"Jan 3, 2020",Documentaries
s430,Movie,Netflix Title 430,Greta Gerwig,"Jan 12, 2020",Action
s431,Movie,Netflix Title 431,nan,"Jan 11, 2023",Dramas
s432,TV Show,Netflix Title 432,Steven Spielberg,"Feb 26, 2020",Comedies
s433,Movie,Netflix Title 433,nan,"Jan 20, 2021",Horror
s434,Movie,Netflix Title 434,Steven Spielberg,"Mar 17, 2022",Documentaries
s435,Movie,Netflix Title 435,Steven Spielberg,"Feb 12, 2020",Documentaries
s436,TV Show,Netflix Title 436,Steven Spielberg,"Jan 10, 2023",Horror
s437,Movie,Netflix Title 437,Steven Spielberg,"Feb 5, 2020",Action
s438,TV Show,Netflix Title 438,Steven Spielberg,"Mar 21, 2023",Horror
s439,TV Show,Netflix Title 439,Greta Gerwig,"Jan 23, 2021",Dramas
s440,Movie,Netflix Title 440,Christopher Nolan,"Jan 12, 2019",Horror
s441,Movie,Netflix Title 441,S.S. Rajamouli,"Jan 7, 2018",Documentaries
s442,TV Show,Netflix Title 442,Christopher Nolan,"Mar 19, 2023",Horror
s443,Movie,Netflix Title 443,Steven Spielberg,"Mar 8, 2015",Comedies
s444,Movie,Netflix Title 444,Greta Gerwig,"Mar 25, 2022",Dramas
s445,TV Show,Netflix Title 445,nan,"Jan 22, 2018",Horror
s446,TV Show,Netflix Title 446,Greta Gerwig,"Mar 9, 2016",Documentaries
s447,TV Show,Netflix Title 447,Steven Spielberg,"Feb 13, 2021",Dramas
s448,TV Show,Netflix Title 448,Greta Gerwig,"Feb 4, 2022",Documentaries
s449,Movie,Netflix Title 449,Greta Gerwig,"Jan 23, 2019",Action
s450,Movie,Netflix Title 450,Steven Spielberg,"Feb 11, 2020",Comedies
s451,TV Show,Netflix Title 451,Greta Gerwig,"Jan 17, 2021",Action
s452,Movie,Netflix Title 452,S.S. Rajamouli,"Feb 25, 2023",Comedies
s453,Movie,Netflix Title 453,S.S. Rajamouli,"Feb 27, 2017",Horror
s454,TV Show,Netflix Title 454,Greta Gerwig,"Mar 13, 2019",Dramas
s455,Movie,Netflix Title 455,nan,"Mar 11, 2015",Horror
s456,Movie,Netflix Title 456,Steven Spielberg,"Jan 15, 2018",Comedies
s457,Movie,Netflix Title 457,S.S. Rajamouli,"Feb 24, 2020",Comedies
s458,Movie,Netflix Title 458,nan,"Jan 15, 2023",Comedies
s459,Movie,Netflix Title 459,Greta Gerwig,"Feb 18, 2015",Documentaries
s460,Movie,Netflix Title 460,nan,"Feb 5, 2018",Dramas
s461,Movie,Netflix Title 461,Christopher Nolan,"Jan 11, 2022",Horror
s462,Movie,Netflix Title 462,S.S. Rajamouli,"Feb 1, 2016",Horror
s463,TV Show,Netflix Title 463,Greta Gerwig,"Feb 27, 2016",Action
s464,Movie,Netflix Title 464,Steven Spielberg,"Mar 26, 2019",Comedies
s465,TV Show,Netflix Title 465,Greta Gerwig,"Feb 5, 2020",Comedies
s466,Movie,Netflix Title 466,Steven Spielberg,"Feb 22, 2016",Comedies
s467,Movie,Netflix Title 467,Greta Gerwig,"Feb 10, 2017",Horror
s468,TV Show,Netflix Title 468,nan,"Feb 6, 2022",Action
s469,Movie,Netflix Title 469,nan,"Jan 11, 2015",Documentaries
s470,TV Show,Netflix Title 470,nan,"Jan 16, 2016",Dramas
s471,Movie,Netflix Title 471,Christopher Nolan,"Mar 12, 2020",Documentaries
s472,TV Show,Netflix Title 472,Steven Spielberg,"Jan 16, 2018",Horror
s473,Movie,Netflix Title 473,nan,"Mar 16, 2022",Comedies
s474,TV Show,Netflix Title 474,Christopher Nolan,"Mar 26, 2023",Dramas
s475,Movie,Netflix Title 475,Steven Spielberg,"Mar 5, 2023",Horror
s476,TV Show,Netflix Title 476,Greta Gerwig,"Feb 19, 2021",Horror
s477,Movie,Netflix Title 477,Christopher Nolan,"Mar 6, 2020",Horror
s478,Movie,Netflix Title 478,S.S. Rajamouli,"Feb 26, 2020",Dramas
s479,TV Show,Netflix Title 479,Christopher Nolan,"Mar 27, 2016",Dramas
s480,Movie,Netflix Title 480,Christopher Nolan,"Jan 11, 2019",Action
s481,Movie,Netflix Title 481,Steven Spielberg,"Feb 2, 2021",Action
s482,Movie,Netflix Title 482,Greta Gerwig,"Jan 10, 2022",Documentaries
s483,Movie,Netflix Title 483,S.S. Rajamouli,"Feb 4, 2015",Dramas
s484,Movie,Netflix Title 484,nan,"Mar 7, 2015",Dramas
s485,Movie,Netflix Title 485,nan,"Mar 20, 2022",Dramas
s486,TV Show,Netflix Title 486,Christopher Nolan,"Feb 22, 2020",Action
s487,Movie,Netflix Title 487,Steven Spielberg,"Jan 5, 2018",Horror
s488,Movie,Netflix Title 488,Steven Spielberg,"Jan 10, 2019",Comedies
s489,TV Show,Netflix Title 489,nan,"Feb 8, 2016",Action
s490,TV Show,Netflix Title 490,S.S. Rajamouli,"Mar 8, 2020",Dramas
s491,Movie,Netflix Title 491,Greta Gerwig,"Jan 27, 2023",Action
s492,Movie,Netflix Title 492,S.S. Rajamouli,"Jan 3, 2018",Documentaries
s493,Movie,Netflix Title 493,Greta Gerwig,"Jan 22, 2022",Dramas
s494,Movie,Netflix Title 494,nan,"Mar 27, 2016",Documentaries
s495,Movie,Netflix Title 495,Greta Gerwig,"Mar 1, 2023",Dramas
s496,Movie,Netflix Title 496,Steven Spielberg,"Jan 7, 2015",Action
s497,Movie,Netflix Title 497,Christopher Nolan,"Mar 20, 2018",Horror
s498,Movie,Netflix Title 498,Christopher Nolan,"Jan 3, 2017",Comedies
s499,TV Show,Netflix Title 499,nan,"Jan 7, 2015",Documentaries
s500,TV Show,Netflix Title 500,Steven Spielberg,"Feb 13, 2018",Action
s501,Movie,Netflix Title 501,S.S. Rajamouli,"Jan 20, 2019",Horror
s502,Movie,Netflix Title 502,Steven Spielberg,"Mar 18, 2018",Action
s503,Movie,Netflix Title 503,Christopher Nolan,"Jan 18, 2015",Documentaries
s504,TV Show,Netflix Title 504,Christopher Nolan,"Feb 26, 2018",Comedies
s505,Movie,Netflix Title 505,Steven Spielberg,"Mar 10, 2023",Action
s506,Movie,Netflix Title 506,Steven Spielberg,"Jan 5, 2015",Dramas
s507,TV Show,Netflix Title 507,Christopher Nolan,"Jan 22, 2016",Horror
s508,TV Show,Netflix Title 508,S.S. Rajamouli,"Jan 9, 2018",Action
s509,TV Show,Netflix Title 509,nan,"Jan 11, 2022",Horror
s510,TV Show,Netflix Title 510,nan,"Mar 21, 2017",Dramas
s511,Movie,Netflix Title 511,Steven Spielberg,"Feb 19, 2017",Comedies
s512,Movie,Netflix Title 512,nan,"Jan 7, 2021",Comedies
s513,TV Show,Netflix Title 513,Christopher Nolan,"Mar 26, 2022",Dramas
s514,TV Show,Netflix Title 514,Christopher Nolan,"Jan 21, 2018",Horror
s515,Movie,Netflix Title 515,Steven Spielberg,"Mar 10, 2018",Action
s516,Movie,Netflix Title 516,Steven Spielberg,"Mar 18, 2018",Dramas
s517,Movie,Netflix Title 517,Steven Spielberg,"Jan 8, 2023",Documentaries
s518,TV Show,Netflix Title 518,S.S. Rajamouli,"Mar 16, 2021",Horror
s519,TV Show,Netflix Title 519,nan,"Feb 14, 2023",Comedies
s520,Movie,Netflix Title 520,Steven Spielberg,"Mar 4, 2017",Dramas
s521,Movie,Netflix Title 521,Greta Gerwig,"Jan 1, 2017",Comedies
s522,Movie,Netflix Title 522,Greta Gerwig,"Mar 24, 2022",Horror
s523,TV Show,Netflix Title 523,Christopher Nolan,"Mar 4, 2016",Comedies
s524,TV Show,Netflix Title 524,nan,"Jan 24, 2022",Dramas
s525,TV Show,Netflix Title 525,Steven Spielberg,"Feb 4, 2017",Horror
s526,Movie,Netflix Title 526,Greta Gerwig,"Feb 25, 2015",Documentaries
s527,Movie,Netflix Title 527,nan,"Mar 21, 2022",Dramas
s528,Movie,Netflix Title 528,Christopher Nolan,"Mar 13, 2019",Action
s529,Movie,Netflix Title 529,S.S. Rajamouli,"Mar 21, 2023",Dramas
s530,TV Show,Netflix Title 530,nan,"Jan 25, 2020",Horror
s531,TV Show,Netflix Title 531,nan,"Feb 5, 2023",Dramas
s532,TV Show,Netflix Title 532,S.S. Rajamouli,"Feb 8, 2021",Documentaries
s533,TV Show,Netflix Title 533,nan,"Mar 6, 2019",Documentaries
s534,Movie,Netflix Title 534,Christopher Nolan,"Jan 20, 2017",Action
s535,TV Show,Netflix Title 535,Christopher Nolan,"Mar 22, 2018",Comedies
s536,TV Show,Netflix Title 536,S.S. Rajamouli,"Feb 19, 2018",Horror
s537,TV Show,Netflix Title 537,Steven Spielberg,"Mar 9, 2019",Horror
s538,Movie,Netflix Title 538,Greta Gerwig,"Jan 23, 2016",Comedies
s539,Movie,Netflix Title 539,Steven Spielberg,"Feb 5, 2023",Documentaries
s540,Movie,Netflix Title 540,nan,"Mar 19, 2023",Documentaries
s541,TV Show,Netflix Title 541,Greta Gerwig,"Feb 16, 2020",Dramas
s542,Movie,Netflix Title 542,S.S. Rajamouli,"Mar 16, 2022",Action
s543,Movie,Netflix Title 543,S.S. Rajamouli,"Feb 21, 2020",Action
s544,Movie,Netflix Title 544,Greta Gerwig,"Jan 8, 2015",Action
s545,Movie,Netflix Title 545,Christopher Nolan,"Mar 23, 2016",Dramas
s546,Movie,Netflix Title 546,Greta Gerwig,"Mar 9, 2015",Action
s547,Movie,Netflix Title 547,nan,"Mar 10, 2020",Comedies
s548,Movie,Netflix Title 548,Christopher Nolan,"Jan 17, 2018",Dramas
s549,Movie,Netflix Title 549,S.S. Rajamouli,"Mar 25, 2019",Comedies
s550,TV Show,Netflix Title 550,Greta Gerwig,"Jan 6, 2015",Dramas
s551,Movie,Netflix Title 551,Steven Spielberg,"Jan 25, 2017",Action
s552,TV Show,Netflix Title 552,Steven Spielberg,"Jan 9, 2022",Comedies
s553,Movie,Netflix Title 553,nan,"Feb 8, 2021",Comedies
s554,Movie,Netflix Title 554,Steven Spielberg,"Mar 6, 2015",Comedies
s555,TV Show,Netflix Title 555,Greta Gerwig,"Mar 23, 2021",Dramas
s556,Movie,Netflix Title 556,Greta Gerwig,"Jan 25, 2015",Horror
s557,Movie,Netflix Title 557,Steven Spielberg,"Feb 27, 2023",Action
s558,Movie,Netflix Title 558,Greta Gerwig,"Jan 9, 2020",Comedies
s559,TV Show,Netflix Title 559,nan,"Feb 20, 2018",Horror
s560,Movie,Netflix Title 560,Christopher Nolan,"Jan 3, 2015",Action
s561,TV Show,Netflix Title 561,nan,"Mar 17, 2021",Action
s562,Movie,Netflix Title 562,nan,"Jan 17, 2017",Comedies
s563,Movie,Netflix Title 563,Greta Gerwig,"Feb 15, 2018",Comedies
s564,Movie,Netflix Title 564,Christopher Nolan,"Feb 17, 2017",Dramas
s565,Movie,Netflix Title 565,Greta Gerwig,"Mar 20, 2017",Horror
s566,Movie,Netflix Title 566,S.S. Rajamouli,"Feb 26, 2015",Horror
s567,Movie,Netflix Title 567,Greta Gerwig,"Feb 2, 2021",Comedies
s568,Movie,Netflix Title 568,Greta Gerwig,"Mar 19, 2020",Action
s569,TV Show,Netflix Title 569,Greta Gerwig,"Jan 1, 2015",Comedies
s570,Movie,Netflix Title 570,Christopher Nolan,"Mar 21, 2015",Action
s571,Movie,Netflix Title 571,Greta Gerwig,"Jan 27, 2020",Action
s572,TV Show,Netflix Title 572,Christopher Nolan,"Jan 16, 2017",Comedies
s573,Movie,Netflix Title 573,Steven Spielberg,"Mar 12, 2023",Documentaries
s574,Movie,Netflix Title 574,S.S. Rajamouli,"Mar 4, 2021",Horror
s575,TV Show,Netflix Title 575,Christopher Nolan,"Feb 24, 2020",Action
s576,TV Show,Netflix Title 576,Steven Spielberg,"Mar 25, 2019",Action
s577,Movie,Netflix Title 577,Christopher Nolan,"Mar 14, 2022",Documentaries
s578,TV Show,Netflix Title 578,Christopher Nolan,"Mar 3, 2016",Dramas
s579,Movie,Netflix Title 579,S.S. Rajamouli,"Mar 19, 2017",Documentaries
s580,Movie,Netflix Title 580,nan,"Feb 20, 2022",Documentaries
s581,Movie,Netflix Title 581,nan,"Jan 17, 2019",Action
s582,TV Show,Netflix Title 582,Christopher Nolan,"Mar 5, 2015",Horror
s583,Movie,Netflix Title 583,Greta Gerwig,"Feb 1, 2019",Documentaries
s584,Movie,Netflix Title 584,Steven Spielberg,"Jan 14, 2019",Dramas
s585,Movie,Netflix Title 585,Greta Gerwig,"Feb 24, 2015",Comedies
s586,Movie,Netflix Title 586,Greta Gerwig,"Feb 18, 2023",Documentaries
s587,Movie,Netflix Title 587,Christopher Nolan,"Mar 22, 2019",Documentaries
s588,Movie,Netflix Title 588,Christopher Nolan,"Mar 2, 2021",Dramas
s589,Movie,Netflix Title 589,Christopher Nolan,"Jan 13, 2018",Horror
s590,Movie,Netflix Title 590,Christopher Nolan,"Feb 7, 2021",Documentaries
s591,Movie,Netflix Title 591,nan,"Feb 23, 2017",Documentaries
s592,Movie,Netflix Title 592,Christopher Nolan,"Feb 24, 2018",Horror
s593,Movie,Netflix Title 593,nan,"Jan 24, 2016",Dramas
s594,Movie,Netflix Title 594,nan,"Mar 10, 2023",Documentaries
s595,TV Show,Netflix Title 595,Christopher Nolan,"Jan 8, 2015",Horror
s596,Movie,Netflix Title 596,S.S. Rajamouli,"Feb 6, 2019",Documentaries
s597,Movie,Netflix Title 597,Steven Spielberg,"Feb 9, 2019",Comedies
s598,Movie,Netflix Title 598,Greta Gerwig,"Feb 26, 2018",Action
s599,Movie,Netflix Title 599,nan,"Jan 17, 2015",Comedies
s600,Movie,Netflix Title 600,Steven Spielberg,"Mar 27, 2017",Documentaries
s601,Movie,Netflix Title 601,S.S. Rajamouli,"Feb 2, 2023",Dramas
s602,Movie,Netflix Title 602,Greta Gerwig,"Mar 16, 2016",Action
s603,Movie,Netflix Title 603,Greta Gerwig,"Feb 6, 2020",Comedies
s604,Movie,Netflix Title 604,nan,"Feb 11, 2021",Horror
s605,Movie,Netflix Title 605,Christopher Nolan,"Mar 27, 2020",Dramas
s606,Movie,Netflix Title 606,S.S. Rajamouli,"Mar 9, 2020",Comedies
s607,Movie,Netflix Title 607,nan,"Mar 20, 2017",Horror
s608,Movie,Netflix Title 608,S.S. Rajamouli,"Mar 2, 2019",Documentaries
s609,Movie,Netflix Title 609,Christopher Nolan,"Feb 22, 2017",Horror
s610,Movie,Netflix Title 610,Christopher Nolan,"Feb 15, 2023",Comedies
s611,Movie,Netflix Title 611,nan,"Jan 16, 2020",Comedies
s612,TV Show,Netflix Title 612,Christopher Nolan,"Jan 27, 2018",Documentaries
s613,Movie,Netflix Title 613,Steven Spielberg,"Mar 2, 2018",Horror
s614,Movie,Netflix Title 614,Greta Gerwig,"Jan 19, 2023",Horror
s615,TV Show,Netflix Title 615,nan,"Feb 21, 2020",Documentaries
s616,TV Show,Netflix Title 616,S.S. Rajamouli,"Mar 16, 2019",Horror
s617,Movie,Netflix Title 617,Steven Spielberg,"Mar 24, 2020",Documentaries
s618,Movie,Netflix Title 618,nan,"Feb 25, 2015",Dramas
s619,TV Show,Netflix Title 619,Christopher Nolan,"Jan 13, 2018",Comedies
s620,TV Show,Netflix Title 620,Christopher Nolan,"Mar 17, 2023",Dramas
s621,Movie,Netflix Title 621,Christopher Nolan,"Mar 1, 2018",Action
s622,Movie,Netflix Title 622,Christopher Nolan,"Jan 13, 2020",Action
s623,Movie,Netflix Title 623,S.S. Rajamouli,"Feb 17, 2016",Action
s624,Movie,Netflix Title 624,Steven Spielberg,"Mar 22, 2016",Documentaries
s625,Movie,Netflix Title 625,Greta Gerwig,"Mar 20, 2019",Horror
s626,Movie,Netflix Title 626,S.S. Rajamouli,"Mar 25, 2018",Dramas
s627,Movie,Netflix Title 627,S.S. Rajamouli,"Jan 27, 2023",Dramas
s628,TV Show,Netflix Title 628,Greta Gerwig,"Mar 26, 2017",Dramas
s629,Movie,Netflix Title 629,Greta Gerwig,"Jan 11, 2023",Dramas
s630,Movie,Netflix Title 630,Christopher Nolan,"Jan 10, 2016",Action
s631,TV Show,Netflix Title 631,S.S. Rajamouli,"Jan 8, 2021",Dramas
s632,TV Show,Netflix Title 632,nan,"Jan 21, 2021",Horror
s633,Movie,Netflix Title 633,Greta Gerwig,"Mar 20, 2015",Action
s634,Movie,Netflix Title 634,Greta Gerwig,"Jan 14, 2019",Dramas
s635,Movie,Netflix Title 635,Steven Spielberg,"Mar 16, 2016",Documentaries
s636,Movie,Netflix Title 636,nan,"Mar 18, 2017",Comedies
s637,Movie,Netflix Title 637,nan,"Feb 26, 2015",Comedies
s638,Movie,Netflix Title 638,Greta Gerwig,"Mar 16, 2016",Comedies
s639,Movie,Netflix Title 639,Christopher Nolan,"Feb 16, 2021",Action
s640,Movie,Netflix Title 640,Steven Spielberg,"Feb 18, 2020",Dramas
s641,Movie,Netflix Title 641,nan,"Mar 19, 2018",Action
s642,Movie,Netflix Title 642,Greta Gerwig,"Mar 13, 2022",Horror
s643,Movie,Netflix Title 643,nan,"Feb 3, 2020",Documentaries
s644,Movie,Netflix Title 644,Steven Spielberg,"Jan 23, 2022",Documentaries
s645,Movie,Netflix Title 645,Steven Spielberg,"Mar 14, 2022",Comedies
s646,TV Show,Netflix Title 646,S.S. Rajamouli,"Mar 14, 2015",Comedies
s647,Movie,Netflix Title 647,Greta Gerwig,"Jan 6, 2023",Comedies
s648,Movie,Netflix Title 648,Steven Spielberg,"Mar 17, 2015",Dramas
s649,TV Show,Netflix Title 649,S.S. Rajamouli,"Feb 5, 2023",Horror
s650,Movie,Netflix Title 650,S.S. Rajamouli,"Feb 24, 2019",Horror
s651,Movie,Netflix Title 651,nan,"Feb 26, 2020",Horror
s652,Movie,Netflix Title 652,nan,"Feb 8, 2018",Horror
s653,Movie,Netflix Title 653,S.S. Rajamouli,"Feb 11, 2019",Comedies
s654,TV Show,Netflix Title 654,nan,"Mar 18, 2016",Documentaries
s655,Movie,Netflix Title 655,Steven Spielberg,"Mar 22, 2023",Comedies
s656,Movie,Netflix Title 656,Christopher Nolan,"Jan 4, 2020",Horror
s657,Movie,Netflix Title 657,Steven Spielberg,"Mar 11, 2020",Comedies
s658,Movie,Netflix Title 658,S.S. Rajamouli,"Mar 1, 2021",Horror
s659,Movie,Netflix Title 659,S.S. Rajamouli,"Mar 14, 2020",Action
s660,Movie,Netflix Title 660,Steven Spielberg,"Feb 25, 2015",Documentaries
s661,Movie,Netflix Title 661,nan,"Feb 6, 2019",Action
s662,TV Show,Netflix Title 662,nan,"Jan 5, 2015",Dramas
s663,Movie,Netflix Title 663,S.S. Rajamouli,"Feb 21, 2016",Comedies
s664,Movie,Netflix Title 664,Greta Gerwig,"Mar 3, 2018",Dramas
s665,Movie,Netflix Title 665,nan,"Mar 3, 2018",Comedies
s666,Movie,Netflix Title 666,Steven Spielberg,"Jan 1, 2018",Action
s667,Movie,Netflix Title 667,nan,"Mar 24, 2021",Horror
s668,Movie,Netflix Title 668,Steven Spielberg,"Jan 21, 2018",Horror
s669,Movie,Netflix Title 669,S.S. Rajamouli,"Jan 13, 2021",Comedies
s670,Movie,Netflix Title 670,nan,"Feb 23, 2019",Horror
s671,Movie,Netflix Title 671,Steven Spielberg,"Feb 10, 2015",Action
s672,TV Show,Netflix Title 672,S.S. Rajamouli,"Feb 26, 2021",Horror
s673,Movie,Netflix Title 673,Greta Gerwig,"Jan 17, 2019",Action
s674,Movie,Netflix Title 674,Steven Spielberg,"Jan 9, 2020",Dramas
s675,Movie,Netflix Title 675,Greta Gerwig,"Mar 13, 2017",Action
s676,TV Show,Netflix Title 676,Greta Gerwig,"Mar 22, 2023",Documentaries
s677,Movie,Netflix Title 677,Christopher Nolan,"Feb 5, 2021",Documentaries
s678,Movie,Netflix Title 678,nan,"Jan 12, 2021",Documentaries
s679,TV Show,Netflix Title 679,Steven Spielberg,"Mar 25, 2020",Comedies
s680,TV Show,Netflix Title 680,Greta Gerwig,"Jan 15, 2019",Comedies
s681,TV Show,Netflix Title 681,Christopher Nolan,"Mar 13, 2018",Comedies
s682,Movie,Netflix Title 682,S.S. Rajamouli,"Mar 16, 2021",Action
s683,Movie,Netflix Title 683,Steven Spielberg,"Jan 17, 2021",Comedies
s684,Movie,Netflix Title 684,Greta Gerwig,"Jan 2, 2019",Dramas
s685,TV Show,Netflix Title 685,nan,"Feb 12, 2016",Documentaries
s686,Movie,Netflix Title 686,Christopher Nolan,"Feb 22, 2020",Action
s687,Movie,Netflix Title 687,Greta Gerwig,"Jan 17, 2017",Documentaries
s688,Movie,Netflix Title 688,nan,"Feb 26, 2017",Comedies
s689,TV Show,Netflix Title 689,Greta Gerwig,"Feb 9, 2021",Action
s690,Movie,Netflix Title 690,Steven Spielberg,"Mar 15, 2020",Horror
s691,Movie,Netflix Title 691,Steven Spielberg,"Mar 19, 2020",Dramas
s692,Movie,Netflix Title 692,Steven Spielberg,"Mar 24, 2022",Comedies
s693,Movie,Netflix Title 693,Christopher Nolan,"Mar 9, 2015",Comedies
s694,Movie,Netflix Title 694,Steven Spielberg,"Feb 1, 2017",Dramas
s695,Movie,Netflix Title 695,nan,"Mar 10, 2022",Dramas
s696,Movie,Netflix Title 696,Greta Gerwig,"Mar 10, 2015",Horror
s697,Movie,Netflix Title 697,S.S. Rajamouli,"Jan 18, 2016",Comedies
s698,Movie,Netflix Title 698,nan,"Mar 13, 2020",Comedies
s699,Movie,Netflix Title 699,nan,"Jan 2, 2015",Documentaries
s700,Movie,Netflix Title 700,Steven Spielberg,"Jan 7, 2022",Action
s701,Movie,Netflix Title 701,Christopher Nolan,"Feb 17, 2021",Action
s702,Movie,Netflix Title 702,Greta Gerwig,"Jan 5, 2015",Documentaries
s703,Movie,Netflix Title 703,Christopher Nolan,"Mar 7, 2015",Action
s704,Movie,Netflix Title 704,Greta Gerwig,"Mar 21, 2015",Dramas
s705,Movie,Netflix Title 705,Greta Gerwig,"Jan 17, 2023",Action
s706,TV Show,Netflix Title 706,Christopher Nolan,"Mar 3, 2019",Action
s707,Movie,Netflix Title 707,nan,"Mar 26, 2023",Documentaries
s708,TV Show,Netflix Title 708,Greta Gerwig,"Feb 9, 2022",Horror
s709,Movie,Netflix Title 709,Christopher Nolan,"Jan 25, 2020",Action
s710,Movie,Netflix Title 710,Greta Gerwig,"Jan 19, 2017",Action
s711,TV Show,Netflix Title 711,S.S. Rajamouli,"Feb 9, 2021",Horror
s712,Movie,Netflix Title 712,nan,"Feb 19, 2017",Documentaries
s713,Movie,Netflix Title 713,Steven Spielberg,"Feb 9, 2017",Horror
s714,Movie,Netflix Title 714,Greta Gerwig,"Mar 21, 2023",Documentaries
s715,Movie,Netflix Title 715,S.S. Rajamouli,"Feb 19, 2016",Dramas
s716,TV Show,Netflix Title 716,Steven Spielberg,"Feb 6, 2023",Documentaries
s717,TV Show,Netflix Title 717,Steven Spielberg,"Mar 20, 2023",Dramas
s718,TV Show,Netflix Title 718,Greta Gerwig,"Jan 13, 2016",Dramas
s719,Movie,Netflix Title 719,Christopher Nolan,"Feb 13, 2020",Documentaries
s720,TV Show,Netflix Title 720,Greta Gerwig,"Mar 20, 2017",Comedies
s721,TV Show,Netflix Title 721,S.S. Rajamouli,"Mar 3, 2020",Documentaries
s722,Movie,Netflix Title 722,Steven Spielberg,"Feb 8, 2021",Action
s723,Movie,Netflix Title 723,Greta Gerwig,"Feb 4, 2018",Action
s724,TV Show,Netflix Title 724,Christopher Nolan,"Mar 26, 2016",Comedies
s725,Movie,Netflix Title 725,Greta Gerwig,"Feb 17, 2023",Dramas
s726,TV Show,Netflix Title 726,nan,"Mar 2, 2022",Comedies
s727,Movie,Netflix Title 727,Christopher Nolan,"Mar 16, 2023",Action
s728,TV Show,Netflix Title 728,S.S. Rajamouli,"Jan 26, 2019",Comedies
s729,Movie,Netflix Title 729,Steven Spielberg,"Jan 7, 2018",Documentaries
s730,Movie,Netflix Title 730,Greta Gerwig,"Jan 3, 2019",Comedies
s731,Movie,Netflix Title 731,Christopher Nolan,"Mar 12, 2021",Dramas
s732,TV Show,Netflix Title 732,nan,"Jan 6, 2015",Documentaries
s733,Movie,Netflix Title 733,Christopher Nolan,"Mar 3, 2019",Horror
s734,Movie,Netflix Title 734,nan,"Feb 4, 2019",Action
s735,Movie,Netflix Title 735,S.S. Rajamouli,"Jan 22, 2020",Action
s736,TV Show,Netflix Title 736,Steven Spielberg,"Mar 25, 2022",Comedies
s737,Movie,Netflix Title 737,S.S. Rajamouli,"Jan 27, 2016",Documentaries
s738,TV Show,Netflix Title 738,Greta Gerwig,"Feb 12, 2015",Horror
s739,Movie,Netflix Title 739,Christopher Nolan,"Feb 2, 2016",Documentaries
s740,Movie,Netflix Title 740,nan,"Mar 26, 2021",Action
s741,Movie,Netflix Title 741,nan,"Feb 17, 2020",Documentaries
s742,Movie,Netflix Title 742,Christopher Nolan,"Jan 15, 2017",Horror
s743,TV Show,Netflix Title 743,Christopher Nolan,"Feb 3, 2015",Comedies
s744,Movie,Netflix Title 744,Greta Gerwig,"Feb 13, 2019",Dramas
s745,Movie,Netflix Title 745,S.S. Rajamouli,"Feb 14, 2018",Documentaries
s746,TV Show,Netflix Title 746,nan,"Mar 22, 2021",Dramas
s747,Movie,Netflix Title 747,Greta Gerwig,"Jan 15, 2018",Action
s748,Movie,Netflix Title 748,S.S. Rajamouli,"Mar 23, 2020",Comedies
s749,TV Show,Netflix Title 749,Greta Gerwig,"Feb 5, 2018",Comedies
s750,Movie,Netflix Title 750,nan,"Jan 8, 2015",Documentaries
s751,Movie,Netflix Title 751,Christopher Nolan,"Jan 22, 2020",Comedies
s752,TV Show,Netflix Title 752,Christopher Nolan,"Jan 21, 2017",Documentaries
s753,Movie,Netflix Title 753,S.S. Rajamouli,"Mar 5, 2022",Documentaries
s754,Movie,Netflix Title 754,Steven Spielberg,"Feb 18, 2020",Dramas
s755,Movie,Netflix Title 755,S.S. Rajamouli,"Jan 24, 2022",Comedies
s756,TV Show,Netflix Title 756,Steven Spielberg,"Mar 7, 2022",Documentaries
s757,Movie,Netflix Title 757,Greta Gerwig,"Jan 6, 2016",Dramas
s758,Movie,Netflix Title 758,Greta Gerwig,"Feb 8, 2015",Horror
s759,TV Show,Netflix Title 759,nan,"Feb 6, 2018",Dramas
s760,TV Show,Netflix Title 760,Steven Spielberg,"Mar 27, 2017",Dramas
s761,Movie,Netflix Title 761,nan,"Jan 27, 2017",Documentaries
s762,Movie,Netflix Title 762,Christopher Nolan,"Mar 15, 2015",Action
s763,Movie,Netflix Title 763,Steven Spielberg,"Mar 20, 2019",Action
s764,TV Show,Netflix Title 764,S.S. Rajamouli,"Mar 22, 2019",Action
s765,Movie,Netflix Title 765,Christopher Nolan,"Mar 22, 2020",Dramas
s766,Movie,Netflix Title 766,Christopher Nolan,"Mar 14, 2022",Documentaries
s767,TV Show,Netflix Title 767,S.S. Rajamouli,"Feb 17, 2018",Comedies
s768,TV Show,Netflix Title 768,Christopher Nolan,"Mar 15, 2017",Dramas
s769,Movie,Netflix Title 769,Steven Spielberg,"Mar 16, 2019",Dramas
s770,TV Show,Netflix Title 770,nan,"Jan 10, 2017",Documentaries
s771,Movie,Netflix Title 771,Christopher Nolan,"Jan 4, 2017",Horror
s772,TV Show,Netflix Title 772,Steven Spielberg,"Mar 2, 2023",Dramas
s773,Movie,Netflix Title 773,Greta Gerwig,"Mar 23, 2022",Horror
s774,Movie,Netflix Title 774,Steven Spielberg,"Mar 14, 2016",Horror
s775,TV Show,Netflix Title 775,nan,"Mar 5, 2019",Action
s776,Movie,Netflix Title 776,Steven Spielberg,"Mar 21, 2016",Documentaries
s777,Movie,Netflix Title 777,S.S. Rajamouli,"Feb 17, 2018",Horror
s778,TV Show,Netflix Title 778,nan,"Feb 25, 2016",Documentaries
s779,TV Show,Netflix Title 779,Greta Gerwig,"Mar 23, 2020",Action
s780,Movie,Netflix Title 780,S.S. Rajamouli,"Feb 24, 2021",Documentaries
s781,Movie,Netflix Title 781,Steven Spielberg,"Mar 21, 2019",Dramas
s782,Movie,Netflix Title 782,nan,"Mar 9, 2023",Horror
s783,Movie,Netflix Title 783,Greta Gerwig,"Jan 22, 2020",Documentaries
s784,Movie,Netflix Title 784,S.S. Rajamouli,"Mar 1, 2021",Comedies
s785,Movie,Netflix Title 785,Greta Gerwig,"Jan 15, 2022",Documentaries
s786,TV Show,Netflix Title 786,Steven Spielberg,"Feb 22, 2016",Horror
s787,Movie,Netflix Title 787,Greta Gerwig,"Mar 17, 2016",Action
s788,Movie,Netflix Title 788,Christopher Nolan,"Feb 16, 2015",Action
s789,Movie,Netflix Title 789,S.S. Rajamouli,"Mar 27, 2022",Horror
s790,TV Show,Netflix Title 790,Greta Gerwig,"Feb 20, 2020",Dramas
s791,Movie,Netflix Title 791,Steven Spielberg,"Mar 24, 2016",Dramas
s792,Movie,Netflix Title 792,Steven Spielberg,"Jan 17, 2020",Action
s793,Movie,Netflix Title 793,Greta Gerwig,"Feb 4, 2020",Action
s794,Movie,Netflix Title 794,Steven Spielberg,"Feb 11, 2022",Horror
s795,Movie,Netflix Title 795,nan,"Mar 22, 2018",Dramas
s796,TV Show,Netflix Title 796,nan,"Jan 8, 2015",Action
s797,TV Show,Netflix Title 797,nan,"Mar 16, 2021",Dramas
s798,Movie,Netflix Title 798,Christopher Nolan,"Jan 27, 2022",Action
s799,Movie,Netflix Title 799,Greta Gerwig,"Mar 21, 2021",Documentaries
s800,TV Show,Netflix Title 800,Christopher Nolan,"Mar 9, 2017",Comedies
s801,TV Show,Netflix Title 801,Steven Spielberg,"Mar 20, 2019",Documentaries
s802,Movie,Netflix Title 802,Christopher Nolan,"Feb 17, 2021",Action
s803,Movie,Netflix Title 803,Steven Spielberg,"Jan 8, 2019",Comedies
s804,Movie,Netflix Title 804,Steven Spielberg,"Feb 14, 2018",Comedies
s805,Movie,Netflix Title 805,S.S. Rajamouli,"Mar 21, 2021",Action
s806,TV Show,Netflix Title 806,nan,"Jan 17, 2017",Action
s807,TV Show,Netflix Title 807,Steven Spielberg,"Feb 11, 2016",Dramas
s808,TV Show,Netflix Title 808,S.S. Rajamouli,"Feb 7, 2016",Action
s809,Movie,Netflix Title 809,nan,"Mar 20, 2016",Horror
s810,Movie,Netflix Title 810,Steven Spielberg,"Feb 24, 2018",Action
s811,TV Show,Netflix Title 811,Steven Spielberg,"Mar 5, 2018",Horror
s812,TV Show,Netflix Title 812,Christopher Nolan,"Mar 5, 2023",Action
s813,Movie,Netflix Title 813,Christopher Nolan,"Mar 8, 2022",Dramas
s814,TV Show,Netflix Title 814,nan,"Jan 24, 2021",Horror
s815,TV Show,Netflix Title 815,Steven Spielberg,"Jan 4, 2018",Documentaries
s816,Movie,Netflix Title 816,Greta Gerwig,"Jan 26, 2020",Horror
s817,Movie,Netflix Title 817,Christopher Nolan,"Mar 18, 2020",Dramas
s818,Movie,Netflix Title 818,nan,"Mar 24, 2022",Horror
s819,Movie,Netflix Title 819,Steven Spielberg,"Mar 22, 2016",Action
s820,Movie,Netflix Title 820,Steven Spielberg,"Mar 23, 2019",Action
s821,TV Show,Netflix Title 821,Greta Gerwig,"Feb 10, 2022",Dramas
s822,Movie,Netflix Title 822,nan,"Feb 24, 2017",Comedies
s823,Movie,Netflix Title 823,Steven Spielberg,"Feb 23, 2015",Action
s824,Movie,Netflix Title 824,Christopher Nolan,"Jan 23, 2023",Documentaries
s825,Movie,Netflix Title 825,Greta Gerwig,"Mar 10, 2019",Dramas
s826,TV Show,Netflix Title 826,nan,"Feb 9, 2020",Horror
s827,Movie,Netflix Title 827,Greta Gerwig,"Jan 25, 2016",Horror
s828,Movie,Netflix Title 828,Christopher Nolan,"Mar 12, 2022",Documentaries
s829,TV Show,Netflix Title 829,nan,"Jan 15, 2021",Action
s830,Movie,Netflix Title 830,Greta Gerwig,"Mar 13, 2015",Dramas
s831,Movie,Netflix Title 831,S.S. Rajamouli,"Jan 8, 2018",Documentaries
s832,Movie,Netflix Title 832,Christopher Nolan,"Feb 27, 2019",Action
s833,Movie,Netflix Title 833,Christopher Nolan,"Feb 13, 2023",Dramas
s834,Movie,Netflix Title 834,Christopher Nolan,"Mar 12, 2020",Horror
s835,Movie,Netflix Title 835,S.S. Rajamouli,"Mar 7, 2023",Dramas
s836,Movie,Netflix Title 836,S.S. Rajamouli,"Mar 16, 2016",Comedies
s837,TV Show,Netflix Title 837,Steven Spielberg,"Mar 7, 2018",Dramas
s838,Movie,Netflix Title 838,Greta Gerwig,"Mar 25, 2022",Comedies
s839,Movie,Netflix Title 839,Steven Spielberg,"Jan 13, 2015",Dramas
s840,Movie,Netflix Title 840,Greta Gerwig,"Jan 5, 2020",Comedies
s841,Movie,Netflix Title 841,S.S. Rajamouli,"Mar 13, 2023",Horror
s842,Movie,Netflix Title 842,S.S. Rajamouli,"Feb 14, 2020",Action
s843,Movie,Netflix Title 843,Steven Spielberg,"Mar 8, 2023",Comedies
s844,TV Show,Netflix Title 844,nan,"Jan 27, 2020",Comedies
s845,Movie,Netflix Title 845,Steven Spielberg,"Mar 6, 2022",Horror
s846,Movie,Netflix Title 846,Greta Gerwig,"Jan 3, 2017",Comedies
s847,Movie,Netflix Title 847,Steven Spielberg,"Jan 22, 2016",Documentaries
s848,TV Show,Netflix Title 848,Christopher Nolan,"Feb 6, 2022",Horror
s849,Movie,Netflix Title 849,Greta Gerwig,"Mar 8, 2023",Documentaries
s850,Movie,Netflix Title 850,Greta Gerwig,"Feb 14, 2017",Horror
s851,Movie,Netflix Title 851,nan,"Feb 3, 2015",Comedies
s852,TV Show,Netflix Title 852,S.S. Rajamouli,"Mar 5, 2018",Documentaries
s853,Movie,Netflix Title 853,Greta Gerwig,"Jan 9, 2019",Comedies
s854,TV Show,Netflix Title 854,S.S. Rajamouli,"Feb 20, 2021",Horror
s855,Movie,Netflix Title 855,Steven Spielberg,"Mar 22, 2018",Comedies
s856,Movie,Netflix Title 856,Christopher Nolan,"Jan 13, 2016",Documentaries
s857,Movie,Netflix Title 857,nan,"Jan 20, 2018",Documentaries
s858,Movie,Netflix Title 858,S.S. Rajamouli,"Jan 17, 2020",Comedies
s859,Movie,Netflix Title 859,Greta Gerwig,"Jan 1, 2015",Dramas
s860,Movie,Netflix Title 860,S.S. Rajamouli,"Feb 8, 2016",Horror
s861,TV Show,Netflix Title 861,Greta Gerwig,"Mar 13, 2021",Horror
s862,Movie,Netflix Title 862,S.S. Rajamouli,"Feb 8, 2022",Comedies
s863,Movie,Netflix Title 863,Greta Gerwig,"Mar 26, 2021",Dramas
s864,Movie,Netflix Title 864,Steven Spielberg,"Jan 17, 2023",Documentaries
s865,Movie,Netflix Title 865,Greta Gerwig,"Jan 16, 2021",Action
s866,Movie,Netflix Title 866,Greta Gerwig,"Feb 22, 2016",Action
s867,Movie,Netflix Title 867,Christopher Nolan,"Mar 17, 2021",Comedies
s868,Movie,Netflix Title 868,Greta Gerwig,"Jan 18, 2016",Dramas
s869,TV Show,Netflix Title 869,Christopher Nolan,"Jan 11, 2019",Dramas
s870,TV Show,Netflix Title 870,nan,"Feb 21, 2021",Horror
s871,Movie,Netflix Title 871,Christopher Nolan,"Jan 8, 2017",Documentaries
s872,Movie,Netflix Title 872,Steven Spielberg,"Mar 9, 2018",Dramas
s873,Movie,Netflix Title 873,Christopher Nolan,"Feb 12, 2019",Action
s874,Movie,Netflix Title 874,nan,"Mar 20, 2015",Documentaries
s875,Movie,Netflix Title 875,Steven Spielberg,"Jan 20, 2023",Documentaries
s876,Movie,Netflix Title 876,S.S. Rajamouli,"Feb 15, 2015",Comedies
s877,TV Show,Netflix Title 877,S.S. Rajamouli,"Mar 11, 2016",Dramas
s878,Movie,Netflix Title 878,Christopher Nolan,"Jan 15, 2015",Comedies
s879,Movie,Netflix Title 879,Christopher Nolan,"Jan 14, 2023",Dramas
s880,Movie,Netflix Title 880,nan,"Jan 8, 2022",Horror
s881,Movie,Netflix Title 881,nan,"Mar 12, 2015",Comedies
s882,Movie,Netflix Title 882,Greta Gerwig,"Mar 8, 2017",Comedies
s883,Movie,Netflix Title 883,nan,"Mar 7, 2015",Action
s884,Movie,Netflix Title 884,Greta Gerwig,"Jan 26, 2019",Comedies
s885,TV Show,Netflix Title 885,Steven Spielberg,"Jan 8, 2021",Dramas
s886,Movie,Netflix Title 886,Christopher Nolan,"Feb 22, 2016",Action
s887,Movie,Netflix Title 887,Steven Spielberg,"Feb 5, 2017",Comedies
s888,Movie,Netflix Title 888,nan,"Feb 8, 2023",Comedies
s889,Movie,Netflix Title 889,Steven Spielberg,"Jan 3, 2017",Horror
s890,Movie,Netflix Title 890,Steven Spielberg,"Mar 24, 2015",Comedies
s891,TV Show,Netflix Title 891,Steven Spielberg,"Jan 19, 2016",Documentaries
s892,TV Show,Netflix Title 892,nan,"Mar 8, 2017",Action
s893,TV Show,Netflix Title 893,Steven Spielberg,"Mar 27, 2015",Documentaries
s894,Movie,Netflix Title 894,Greta Gerwig,"Feb 19, 2022",Action
s895,Movie,Netflix Title 895,nan,"Feb 2, 2020",Horror
s896,Movie,Netflix Title 896,Steven Spielberg,"Mar 5, 2017",Comedies
s897,Movie,Netflix Title 897,nan,"Feb 26, 2015",Comedies
s898,TV Show,Netflix Title 898,S.S. Rajamouli,"Mar 4, 2018",Comedies
s899,Movie,Netflix Title 899,Greta Gerwig,"Feb 17, 2023",Action
s900,Movie,Netflix Title 900,Steven Spielberg,"Mar 14, 2017",Comedies
s901,Movie,Netflix Title 901,S.S. Rajamouli,"Feb 3, 2022",Documentaries
s902,Movie,Netflix Title 902,S.S. Rajamouli,"Mar 1, 2016",Comedies
s903,Movie,Netflix Title 903,nan,"Jan 12, 2022",Horror
s904,Movie,Netflix Title 904,S.S. Rajamouli,"Feb 4, 2020",Documentaries
s905,Movie,Netflix Title 905,Greta Gerwig,"Mar 9, 2022",Comedies
s906,TV Show,Netflix Title 906,Greta Gerwig,"Mar 24, 2021",Comedies
s907,TV Show,Netflix Title 907,Christopher Nolan,"Feb 13, 2023",Dramas
s908,Movie,Netflix Title 908,Greta Gerwig,"Mar 2, 2017",Action
s909,Movie,Netflix Title 909,S.S. Rajamouli,"Feb 24, 2020",Documentaries
s910,Movie,Netflix Title 910,Greta Gerwig,"Feb 9, 2018",Dramas
s911,Movie,Netflix Title 911,nan,"Feb 19, 2017",Horror
s912,Movie,Netflix Title 912,Christopher Nolan,"Jan 3, 2015",Action
s913,Movie,Netflix Title 913,S.S. Rajamouli,"Mar 3, 2023",Documentaries
s914,Movie,Netflix Title 914,Christopher Nolan,"Jan 12, 2016",Comedies
s915,Movie,Netflix Title 915,S.S. Rajamouli,"Mar 18, 2018",Documentaries
s916,Movie,Netflix Title 916,nan,"Mar 4, 2021",Comedies
s917,Movie,Netflix Title 917,Christopher Nolan,"Mar 16, 2015",Action
s918,TV Show,Netflix Title 918,Steven Spielberg,"Feb 25, 2016",Comedies
s919,TV Show,Netflix Title 919,S.S. Rajamouli,"Feb 3, 2019",Horror
s920,Movie,Netflix Title 920,Steven Spielberg,"Jan 20, 2015",Comedies
s921,TV Show,Netflix Title 921,Christopher Nolan,"Feb 21, 2015",Horror
s922,Movie,Netflix Title 922,Steven Spielberg,"Feb 15, 2018",Action
s923,TV Show,Netflix Title 923,Steven Spielberg,"Mar 14, 2023",Action
s924,TV Show,Netflix Title 924,Christopher Nolan,"Jan 24, 2023",Documentaries
s925,Movie,Netflix Title 925,nan,"Feb 5, 2020",Horror
s926,Movie,Netflix Title 926,Steven Spielberg,"Jan 11, 2021",Horror
s927,Movie,Netflix Title 927,Steven Spielberg,"Mar 18, 2019",Dramas
s928,Movie,Netflix Title 928,nan,"Mar 22, 2022",Dramas
s929,Movie,Netflix Title 929,Steven Spielberg,"Mar 3, 2022",Dramas
s930,Movie,Netflix Title 930,Steven Spielberg,"Feb 10, 2023",Comedies
s931,Movie,Netflix Title 931,Steven Spielberg,"Jan 8, 2021",Dramas
s932,TV Show,Netflix Title 932,Greta Gerwig,"Mar 5, 2019",Horror
s933,TV Show,Netflix Title 933,nan,"Mar 5, 2022",Comedies
s934,Movie,Netflix Title 934,Steven Spielberg,"Mar 13, 2020",Action
s935,Movie,Netflix Title 935,nan,"Jan 5, 2023",Documentaries
s936,Movie,Netflix Title 936,S.S. Rajamouli,"Mar 16, 2016",Dramas
s937,Movie,Netflix Title 937,S.S. Rajamouli,"Jan 8, 2017",Action
s938,TV Show,Netflix Title 938,Steven Spielberg,"Feb 11, 2021",Horror
s939,Movie,Netflix Title 939,nan,"Feb 13, 2022",Documentaries
s940,Movie,Netflix Title 940,nan,"Mar 22, 2023",Action
s941,Movie,Netflix Title 941,nan,"Mar 26, 2019",Documentaries
s942,Movie,Netflix Title 942,Greta Gerwig,"Mar 2, 2021",Dramas
s943,Movie,Netflix Title 943,S.S. Rajamouli,"Mar 20, 2023",Horror
s944,TV Show,Netflix Title 944,nan,"Jan 23, 2020",Documentaries
s945,Movie,Netflix Title 945,nan,"Jan 15, 2015",Action
s946,Movie,Netflix Title 946,Greta Gerwig,"Jan 25, 2020",Dramas
s947,Movie,Netflix Title 947,Greta Gerwig,"Feb 21, 2015",Dramas
s948,TV Show,Netflix Title 948,nan,"Feb 6, 2017",Action
s949,TV Show,Netflix Title 949,Christopher Nolan,"Jan 16, 2022",Action
s950,Movie,Netflix Title 950,nan,"Feb 15, 2015",Documentaries
s951,Movie,Netflix Title 951,nan,"Jan 22, 2015",Comedies
s952,Movie,Netflix Title 952,Greta Gerwig,"Feb 17, 2020",Dramas
s953,Movie,Netflix Title 953,Greta Gerwig,"Mar 14, 2022",Documentaries
s954,TV Show,Netflix Title 954,nan,"Jan 15, 2020",Action
s955,Movie,Netflix Title 955,nan,"Jan 27, 2015",Documentaries
s956,Movie,Netflix Title 956,nan,"Mar 21, 2022",Action
s957,Movie,Netflix Title 957,Greta Gerwig,"Mar 6, 2019",Horror
s958,Movie,Netflix Title 958,nan,"Feb 26, 2015",Action
s959,Movie,Netflix Title 959,nan,"Mar 25, 2016",Action
s960,TV Show,Netflix Title 960,Steven Spielberg,"Feb 15, 2019",Action
s961,Movie,Netflix Title 961,Christopher Nolan,"Feb 20, 2020",Comedies
s962,Movie,Netflix Title 962,S.S. Rajamouli,"Feb 27, 2016",Action
s963,Movie,Netflix Title 963,Christopher Nolan,"Feb 4, 2015",Dramas
s964,Movie,Netflix Title 964,Steven Spielberg,"Jan 14, 2021",Dramas
s965,Movie,Netflix Title 965,S.S. Rajamouli,"Mar 15, 2017",Documentaries
s966,Movie,Netflix Title 966,nan,"Mar 11, 2017",Comedies
s967,TV Show,Netflix Title 967,Steven Spielberg,"Jan 3, 2017",Documentaries
s968,Movie,Netflix Title 968,nan,"Mar 26, 2022",Dramas
s969,Movie,Netflix Title 969,Greta Gerwig,"Jan 17, 2021",Dramas
s970,Movie,Netflix Title 970,Steven Spielberg,"Mar 18, 2015",Horror
s971,Movie,Netflix Title 971,Greta Gerwig,"Mar 4, 2020",Action
s972,TV Show,Netflix Title 972,Steven Spielberg,"Feb 14, 2019",Dramas
s973,TV Show,Netflix Title 973,Steven Spielberg,"Mar 15, 2018",Documentaries
s974,Movie,Netflix Title 974,Greta Gerwig,"Mar 16, 2018",Documentaries
s975,Movie,Netflix Title 975,S.S. Rajamouli,"Jan 26, 2016",Action
s976,Movie,Netflix Title 976,Christopher Nolan,"Mar 3, 2020",Action
s977,Movie,Netflix Title 977,nan,"Mar 11, 2023",Horror
s978,Movie,Netflix Title 978,Steven Spielberg,"Mar 13, 2016",Comedies
s979,Movie,Netflix Title 979,nan,"Mar 24, 2017",Documentaries
s980,Movie,Netflix Title 980,Greta Gerwig,"Mar 10, 2023",Action
s981,Movie,Netflix Title 981,nan,"Mar 10, 2020",Documentaries
s982,TV Show,Netflix Title 982,Greta Gerwig,"Feb 18, 2019",Action
s983,Movie,Netflix Title 983,nan,"Jan 7, 2016",Dramas
s984,Movie,Netflix Title 984,Christopher Nolan,"Mar 13, 2021",Documentaries
s985,TV Show,Netflix Title 985,Christopher Nolan,"Jan 6, 2022",Dramas
s986,Movie,Netflix Title 986,Christopher Nolan,"Feb 14, 2018",Documentaries
s987,Movie,Netflix Title 987,Christopher Nolan,"Jan 23, 2020",Comedies
s988,Movie,Netflix Title 988,Christopher Nolan,"Feb 18, 2022",Horror
s989,Movie,Netflix Title 989,Christopher Nolan,"Feb 9, 2019",Dramas
s990,TV Show,Netflix Title 990,Greta Gerwig,"Feb 20, 2020",Action
s991,TV Show,Netflix Title 991,Steven Spielberg,"Mar 3, 2015",Comedies
s992,Movie,Netflix Title 992,nan,"Mar 4, 2015",Documentaries
s993,Movie,Netflix Title 993,Christopher Nolan,"Jan 19, 2019",Dramas
s994,Movie,Netflix Title 994,Greta Gerwig,"Feb 24, 2020",Documentaries
s995,Movie,Netflix Title 995,Greta Gerwig,"Mar 22, 2015",Documentaries
s996,Movie,Netflix Title 996,Greta Gerwig,"Feb 16, 2021",Documentaries
s997,TV Show,Netflix Title 997,Steven Spielberg,"Mar 13, 2017",Horror
s998,Movie,Netflix Title 998,nan,"Jan 12, 2021",Horror
s999,TV Show,Netflix Title 999,Steven Spielberg,"Feb 1, 2016",Action
s1000,Movie,Netflix Title 1000,S.S. Rajamouli,"Jan 27, 2023",Dramas
